longitude,latitude,t2m,R,G,B
44.90999984741211,0.9700000286102296,293.8023642424242,248,118,29
44.90999984741211,1.2200000286102295,293.6710933333334,248,118,29
44.90999984741211,1.4700000286102295,293.4972415151515,248,118,29
44.90999984741211,1.7200000286102295,292.85988636363635,241,197,55
44.90999984741211,1.9700000286102293,292.19089121212124,241,197,55
44.90999984741211,2.220000028610229,291.4940118181818,241,197,55
44.90999984741211,2.470000028610229,290.5021557575758,177,247,58
44.90999984741211,2.720000028610229,289.62836939393935,177,247,58
44.90999984741211,2.970000028610228,288.95761272727265,74,247,130
44.90999984741211,3.220000028610228,289.16115272727274,177,247,58
44.90999984741211,3.470000028610228,289.40838484848496,177,247,58
44.90999984741211,3.7200000286102295,289.3707712121212,177,247,58
44.90999984741211,3.9700000286102295,289.41314090909094,177,247,58
44.90999984741211,4.2199997901916495,289.9968778787878,177,247,58
44.90999984741211,4.46999979019165,291.8821681818182,241,197,55
44.90999984741211,4.71999979019165,293.8052896969698,248,118,29
44.90999984741211,4.96999979019165,293.98539454545465,248,118,29
44.90999984741211,5.21999979019165,292.41836030303034,241,197,55
44.90999984741211,5.46999979019165,290.7024281818181,177,247,58
44.90999984741211,5.71999979019165,288.88555212121213,74,247,130
44.90999984741211,5.96999979019165,287.1440130303031,74,247,130
44.90999984741211,6.21999979019165,285.16914212121213,32,204,213
44.90999984741211,6.46999979019165,283.85425757575763,68,132,245
44.90999984741211,6.71999979019165,284.16770060606063,68,132,245
44.90999984741211,6.96999979019165,286.3150875757576,32,204,213
44.90999984741211,7.21999979019165,289.4199351515152,177,247,58
44.90999984741211,7.46999979019165,293.817186969697,248,118,29
44.90999984741211,7.71999979019165,295.782169090909,203,46,5
44.90999984741211,7.96999979019165,296.46199333333334,203,46,5
44.90999984741211,8.220000267028809,295.92641272727275,203,46,5
44.90999984741211,8.470000267028809,296.5323703030303,203,46,5
44.90999984741211,8.720000267028809,296.99223303030305,203,46,5
44.90999984741211,8.970000267028809,296.2726887878788,203,46,5
44.90999984741211,9.220000267028807,295.4427421212122,203,46,5
44.90999984741211,9.470000267028807,295.13221060606065,203,46,5
44.90999984741211,9.720000267028807,295.79532848484854,203,46,5
44.90999984741211,9.970000267028807,296.81613454545464,203,46,5
44.90999984741211,10.220000267028807,297.1769490909091,122,4,3
44.90999984741211,10.470000267028807,297.55756727272734,122,4,3
44.90999984741211,10.720000267028807,297.7646469696969,122,4,3
44.90999984741211,10.970000267028807,298.2245390909091,122,4,3
44.90999984741211,11.220000267028807,298.39829999999995,122,4,3
44.90999984741211,11.470000267028807,298.4183027272729,122,4,3
44.90999984741211,11.720000267028807,298.3381924242424,122,4,3
44.90999984741211,11.970000267028807,298.30906242424254,122,4,3
45.15999984741211,0.9700000286102296,293.3076612121212,248,118,29
45.15999984741211,1.2200000286102295,293.20550909090906,248,118,29
45.15999984741211,1.4700000286102295,293.01482909090913,248,118,29
45.15999984741211,1.7200000286102295,292.3729978787879,241,197,55
45.15999984741211,1.9700000286102293,291.53666757575763,241,197,55
45.15999984741211,2.220000028610229,290.96587727272725,177,247,58
45.15999984741211,2.470000028610229,289.8040212121212,177,247,58
45.15999984741211,2.720000028610229,288.95056030303033,74,247,130
45.15999984741211,2.970000028610228,288.72195969696975,74,247,130
45.15999984741211,3.220000028610228,289.47864727272724,177,247,58
45.15999984741211,3.470000028610228,290.25528060606064,177,247,58
45.15999984741211,3.7200000286102295,290.260913030303,177,247,58
45.15999984741211,3.9700000286102295,290.21482151515136,177,247,58
45.15999984741211,4.2199997901916495,290.40173484848475,177,247,58
45.15999984741211,4.46999979019165,291.0932472727272,241,197,55
45.15999984741211,4.71999979019165,292.89944545454546,241,197,55
45.15999984741211,4.96999979019165,293.69156212121214,248,118,29
45.15999984741211,5.21999979019165,293.10791272727266,248,118,29
45.15999984741211,5.46999979019165,291.85956090909093,241,197,55
45.15999984741211,5.71999979019165,289.60031242424253,177,247,58
45.15999984741211,5.96999979019165,287.64243121212127,74,247,130
45.15999984741211,6.21999979019165,285.40124848484845,32,204,213
45.15999984741211,6.46999979019165,284.48565787878795,68,132,245
45.15999984741211,6.71999979019165,283.7154351515152,68,132,245
45.15999984741211,6.96999979019165,284.4877321212122,68,132,245
45.15999984741211,7.21999979019165,287.5789430303031,74,247,130
45.15999984741211,7.46999979019165,292.05206090909087,241,197,55
45.15999984741211,7.71999979019165,294.8567281818182,248,118,29
45.15999984741211,7.96999979019165,295.95374545454536,203,46,5
45.15999984741211,8.220000267028809,295.9981827272727,203,46,5
45.15999984741211,8.470000267028809,296.5727530303031,203,46,5
45.15999984741211,8.720000267028809,297.27602,122,4,3
45.15999984741211,8.970000267028809,297.3720045454546,122,4,3
45.15999984741211,9.220000267028807,297.24452848484844,122,4,3
45.15999984741211,9.470000267028807,297.14885151515153,122,4,3
45.15999984741211,9.720000267028807,297.34314696969693,122,4,3
45.15999984741211,9.970000267028807,297.56533727272733,122,4,3
45.15999984741211,10.220000267028807,297.72582727272726,122,4,3
45.15999984741211,10.470000267028807,297.7937703030303,122,4,3
45.15999984741211,10.720000267028807,297.8180754545455,122,4,3
45.15999984741211,10.970000267028807,297.95709848484853,122,4,3
45.15999984741211,11.220000267028807,297.94577030303026,122,4,3
45.15999984741211,11.470000267028807,298.1558087878788,122,4,3
45.15999984741211,11.720000267028807,298.01176303030314,122,4,3
45.15999984741211,11.970000267028807,297.833423939394,122,4,3
45.40999984741211,0.9700000286102296,292.7275596969697,241,197,55
45.40999984741211,1.2200000286102295,292.51929303030306,241,197,55
45.40999984741211,1.4700000286102295,292.29312060606065,241,197,55
45.40999984741211,1.7200000286102295,291.6346851515152,241,197,55
45.40999984741211,1.9700000286102293,290.96574454545464,177,247,58
45.40999984741211,2.220000028610229,290.6620378787878,177,247,58
45.40999984741211,2.470000028610229,289.5310803030303,177,247,58
45.40999984741211,2.720000028610229,289.25137757575766,177,247,58
45.40999984741211,2.970000028610228,289.2068887878788,177,247,58
45.40999984741211,3.220000028610228,290.2560709090909,177,247,58
45.40999984741211,3.470000028610228,290.67000666666667,177,247,58
45.40999984741211,3.7200000286102295,290.53064363636366,177,247,58
45.40999984741211,3.9700000286102295,290.65356545454546,177,247,58
45.40999984741211,4.2199997901916495,291.28938181818177,241,197,55
45.40999984741211,4.46999979019165,291.58035363636367,241,197,55
45.40999984741211,4.71999979019165,292.9212693939394,241,197,55
45.40999984741211,4.96999979019165,293.65923848484834,248,118,29
45.40999984741211,5.21999979019165,293.8327324242425,248,118,29
45.40999984741211,5.46999979019165,292.77428272727286,241,197,55
45.40999984741211,5.71999979019165,291.5599503030303,241,197,55
45.40999984741211,5.96999979019165,289.88545515151515,177,247,58
45.40999984741211,6.21999979019165,287.52484606060614,74,247,130
45.40999984741211,6.46999979019165,285.6392545454545,32,204,213
45.40999984741211,6.71999979019165,283.3796215151515,68,132,245
45.40999984741211,6.96999979019165,283.50716666666665,68,132,245
45.40999984741211,7.21999979019165,284.34573121212134,68,132,245
45.40999984741211,7.46999979019165,288.66824939393945,74,247,130
45.40999984741211,7.71999979019165,292.088103030303,241,197,55
45.40999984741211,7.96999979019165,294.2004148484848,248,118,29
45.40999984741211,8.220000267028809,295.20469454545463,203,46,5
45.40999984741211,8.470000267028809,295.70261242424243,203,46,5
45.40999984741211,8.720000267028809,296.6337239393938,203,46,5
45.40999984741211,8.970000267028809,296.8845648484848,203,46,5
45.40999984741211,9.220000267028807,297.3546533333334,122,4,3
45.40999984741211,9.470000267028807,297.0690057575758,122,4,3
45.40999984741211,9.720000267028807,296.9167015151515,203,46,5
45.40999984741211,9.970000267028807,296.8908918181819,203,46,5
45.40999984741211,10.220000267028807,296.76174575757574,203,46,5
45.40999984741211,10.470000267028807,296.8061439393939,203,46,5
45.40999984741211,10.720000267028807,296.6413490909091,203,46,5
45.40999984741211,10.970000267028807,296.5739257575758,203,46,5
45.40999984741211,11.220000267028807,296.31117818181815,203,46,5
45.40999984741211,11.470000267028807,296.7193699999999,203,46,5
45.40999984741211,11.720000267028807,297.57298878787867,122,4,3
45.40999984741211,11.970000267028807,297.45905727272725,122,4,3
45.65999984741211,0.9700000286102296,292.16125363636365,241,197,55
45.65999984741211,1.2200000286102295,291.91376969696967,241,197,55
45.65999984741211,1.4700000286102295,291.6704551515151,241,197,55
45.65999984741211,1.7200000286102295,290.9480590909091,177,247,58
45.65999984741211,1.9700000286102293,290.37916666666666,177,247,58
45.65999984741211,2.220000028610229,290.2127066666667,177,247,58
45.65999984741211,2.470000028610229,289.6445569696969,177,247,58
45.65999984741211,2.720000028610229,289.58193060606067,177,247,58
45.65999984741211,2.970000028610228,290.1104969696969,177,247,58
45.65999984741211,3.220000028610228,290.86613,177,247,58
45.65999984741211,3.470000028610228,290.95713060606056,177,247,58
45.65999984741211,3.7200000286102295,290.5185896969697,177,247,58
45.65999984741211,3.9700000286102295,291.20760575757566,241,197,55
45.65999984741211,4.2199997901916495,291.99343636363636,241,197,55
45.65999984741211,4.46999979019165,292.4208015151515,241,197,55
45.65999984741211,4.71999979019165,293.34042848484836,248,118,29
45.65999984741211,4.96999979019165,293.9270903030303,248,118,29
45.65999984741211,5.21999979019165,294.1953148484849,248,118,29
45.65999984741211,5.46999979019165,293.14784212121214,248,118,29
45.65999984741211,5.71999979019165,292.30233454545464,241,197,55
45.65999984741211,5.96999979019165,291.63315333333327,241,197,55
45.65999984741211,6.21999979019165,289.43469393939387,177,247,58
45.65999984741211,6.46999979019165,286.91361757575766,32,204,213
45.65999984741211,6.71999979019165,284.3207681818181,68,132,245
45.65999984741211,6.96999979019165,283.4054096969697,68,132,245
45.65999984741211,7.21999979019165,283.49324030303023,68,132,245
45.65999984741211,7.46999979019165,284.4631493939395,68,132,245
45.65999984741211,7.71999979019165,286.778133939394,32,204,213
45.65999984741211,7.96999979019165,289.34683666666666,177,247,58
45.65999984741211,8.220000267028809,292.2482260606061,241,197,55
45.65999984741211,8.470000267028809,294.7396327272727,248,118,29
45.65999984741211,8.720000267028809,295.76906242424235,203,46,5
45.65999984741211,8.970000267028809,295.78507030303035,203,46,5
45.65999984741211,9.220000267028807,295.70777848484863,203,46,5
45.65999984741211,9.470000267028807,295.1742587878788,203,46,5
45.65999984741211,9.720000267028807,294.36919363636366,248,118,29
45.65999984741211,9.970000267028807,293.7608272727272,248,118,29
45.65999984741211,10.220000267028807,293.56370787878785,248,118,29
45.65999984741211,10.470000267028807,293.5249184848485,248,118,29
45.65999984741211,10.720000267028807,293.91120666666666,248,118,29
45.65999984741211,10.970000267028807,293.82425333333333,248,118,29
45.65999984741211,11.220000267028807,293.6707954545456,248,118,29
45.65999984741211,11.470000267028807,293.9641242424242,248,118,29
45.65999984741211,11.720000267028807,295.1618069696969,203,46,5
45.65999984741211,11.970000267028807,296.47524636363636,203,46,5
45.90999984741211,0.9700000286102296,292.00775030303026,241,197,55
45.90999984741211,1.2200000286102295,291.69542666666666,241,197,55
45.90999984741211,1.4700000286102295,291.47650242424237,241,197,55
45.90999984741211,1.7200000286102295,290.83808545454553,177,247,58
45.90999984741211,1.9700000286102293,290.4807890909091,177,247,58
45.90999984741211,2.220000028610229,290.4613960606061,177,247,58
45.90999984741211,2.470000028610229,290.14618727272733,177,247,58
45.90999984741211,2.720000028610229,290.24323,177,247,58
45.90999984741211,2.970000028610228,290.95676303030314,177,247,58
45.90999984741211,3.220000028610228,291.58637151515137,241,197,55
45.90999984741211,3.470000028610228,291.68187272727266,241,197,55
45.90999984741211,3.7200000286102295,290.9804139393938,177,247,58
45.90999984741211,3.9700000286102295,291.7481051515151,241,197,55
45.90999984741211,4.2199997901916495,292.22323303030305,241,197,55
45.90999984741211,4.46999979019165,292.6968015151515,241,197,55
45.90999984741211,4.71999979019165,293.3919618181817,248,118,29
45.90999984741211,4.96999979019165,293.93438636363635,248,118,29
45.90999984741211,5.21999979019165,294.089576060606,248,118,29
45.90999984741211,5.46999979019165,292.85578242424236,241,197,55
45.90999984741211,5.71999979019165,291.9101636363637,241,197,55
45.90999984741211,5.96999979019165,291.6463248484849,241,197,55
45.90999984741211,6.21999979019165,289.8432748484848,177,247,58
45.90999984741211,6.46999979019165,287.7583118181819,74,247,130
45.90999984741211,6.71999979019165,285.25553666666656,32,204,213
45.90999984741211,6.96999979019165,283.99879606060614,68,132,245
45.90999984741211,7.21999979019165,283.18957272727266,68,132,245
45.90999984741211,7.46999979019165,282.3195866666665,58,49,126
45.90999984741211,7.71999979019165,282.57375757575755,58,49,126
45.90999984741211,7.96999979019165,284.42645030303026,68,132,245
45.90999984741211,8.220000267028809,288.8859251515151,74,247,130
45.90999984741211,8.470000267028809,292.2833451515152,241,197,55
45.90999984741211,8.720000267028809,293.8647866666667,248,118,29
45.90999984741211,8.970000267028809,293.724213030303,248,118,29
45.90999984741211,9.220000267028807,292.82442333333324,241,197,55
45.90999984741211,9.470000267028807,291.96236333333337,241,197,55
45.90999984741211,9.720000267028807,290.315836969697,177,247,58
45.90999984741211,9.970000267028807,289.4968060606061,177,247,58
45.90999984741211,10.220000267028807,288.8725748484849,74,247,130
45.90999984741211,10.470000267028807,288.68769363636363,74,247,130
45.90999984741211,10.720000267028807,290.1171045454545,177,247,58
45.90999984741211,10.970000267028807,291.1173851515152,241,197,55
45.90999984741211,11.220000267028807,291.66114242424237,241,197,55
45.90999984741211,11.470000267028807,291.3341966666667,241,197,55
45.90999984741211,11.720000267028807,291.24629393939387,241,197,55
45.90999984741211,11.970000267028807,293.22002939393946,248,118,29
46.15999984741211,0.9700000286102296,292.23460787878787,241,197,55
46.15999984741211,1.2200000286102295,291.9000766666667,241,197,55
46.15999984741211,1.4700000286102295,291.6213239393939,241,197,55
46.15999984741211,1.7200000286102295,291.22481484848487,241,197,55
46.15999984741211,1.9700000286102293,291.18210363636365,241,197,55
46.15999984741211,2.220000028610229,291.3242654545455,241,197,55
46.15999984741211,2.470000028610229,291.2549615151515,241,197,55
46.15999984741211,2.720000028610229,291.33301212121205,241,197,55
46.15999984741211,2.970000028610228,291.69894878787875,241,197,55
46.15999984741211,3.220000028610228,292.2484048484848,241,197,55
46.15999984741211,3.470000028610228,292.4037227272727,241,197,55
46.15999984741211,3.7200000286102295,292.0386309090909,241,197,55
46.15999984741211,3.9700000286102295,292.276123939394,241,197,55
46.15999984741211,4.2199997901916495,292.43886000000003,241,197,55
46.15999984741211,4.46999979019165,292.39378969696975,241,197,55
46.15999984741211,4.71999979019165,293.1948624242424,248,118,29
46.15999984741211,4.96999979019165,293.77784696969707,248,118,29
46.15999984741211,5.21999979019165,293.9367296969696,248,118,29
46.15999984741211,5.46999979019165,292.37757939393936,241,197,55
46.15999984741211,5.71999979019165,291.38825333333335,241,197,55
46.15999984741211,5.96999979019165,291.17463393939386,241,197,55
46.15999984741211,6.21999979019165,290.3173193939394,177,247,58
46.15999984741211,6.46999979019165,289.0505724242424,177,247,58
46.15999984741211,6.71999979019165,286.9267587878788,32,204,213
46.15999984741211,6.96999979019165,285.70027999999996,32,204,213
46.15999984741211,7.21999979019165,284.73244242424244,68,132,245
46.15999984741211,7.46999979019165,283.7085469696968,68,132,245
46.15999984741211,7.71999979019165,283.0453303030303,68,132,245
46.15999984741211,7.96999979019165,283.4520945454545,68,132,245
46.15999984741211,8.220000267028809,286.1544630303029,32,204,213
46.15999984741211,8.470000267028809,288.39268606060614,74,247,130
46.15999984741211,8.720000267028809,289.95237000000003,177,247,58
46.15999984741211,8.970000267028809,290.3260369696971,177,247,58
46.15999984741211,9.220000267028807,289.6261045454546,177,247,58
46.15999984741211,9.470000267028807,288.7210596969697,74,247,130
46.15999984741211,9.720000267028807,287.27370060606063,74,247,130
46.15999984741211,9.970000267028807,286.73415848484854,32,204,213
46.15999984741211,10.220000267028807,285.8966078787879,32,204,213
46.15999984741211,10.470000267028807,284.8834090909092,68,132,245
46.15999984741211,10.720000267028807,286.6702478787879,32,204,213
46.15999984741211,10.970000267028807,288.9114506060605,74,247,130
46.15999984741211,11.220000267028807,290.75921787878787,177,247,58
46.15999984741211,11.470000267028807,289.0062112121211,177,247,58
46.15999984741211,11.720000267028807,287.98663484848487,74,247,130
46.15999984741211,11.970000267028807,288.33255636363634,74,247,130
46.40999984741211,0.9700000286102296,292.61378696969695,241,197,55
46.40999984741211,1.2200000286102295,292.48474454545465,241,197,55
46.40999984741211,1.4700000286102295,292.2444324242425,241,197,55
46.40999984741211,1.7200000286102295,291.90492090909083,241,197,55
46.40999984741211,1.9700000286102293,291.825473939394,241,197,55
46.40999984741211,2.220000028610229,291.96804333333336,241,197,55
46.40999984741211,2.470000028610229,292.10005848484855,241,197,55
46.40999984741211,2.720000028610229,292.20208696969695,241,197,55
46.40999984741211,2.970000028610228,292.26811727272724,241,197,55
46.40999984741211,3.220000028610228,292.62753484848486,241,197,55
46.40999984741211,3.470000028610228,292.8776472727273,241,197,55
46.40999984741211,3.7200000286102295,292.9939260606061,241,197,55
46.40999984741211,3.9700000286102295,292.9714627272727,241,197,55
46.40999984741211,4.2199997901916495,292.8652512121212,241,197,55
46.40999984741211,4.46999979019165,292.6664651515152,241,197,55
46.40999984741211,4.71999979019165,293.26410939393935,248,118,29
46.40999984741211,4.96999979019165,293.8292633333333,248,118,29
46.40999984741211,5.21999979019165,294.14066818181817,248,118,29
46.40999984741211,5.46999979019165,292.48503424242426,241,197,55
46.40999984741211,5.71999979019165,291.06300696969697,241,197,55
46.40999984741211,5.96999979019165,290.2516212121212,177,247,58
46.40999984741211,6.21999979019165,290.76874363636375,177,247,58
46.40999984741211,6.46999979019165,290.4440130303031,177,247,58
46.40999984741211,6.71999979019165,289.9691687878788,177,247,58
46.40999984741211,6.96999979019165,288.1442287878788,74,247,130
46.40999984741211,7.21999979019165,286.42889545454545,32,204,213
46.40999984741211,7.46999979019165,285.05739818181826,32,204,213
46.40999984741211,7.71999979019165,283.27268757575763,68,132,245
46.40999984741211,7.96999979019165,282.6332660606061,58,49,126
46.40999984741211,8.220000267028809,282.3253451515152,58,49,126
46.40999984741211,8.470000267028809,283.7198103030304,68,132,245
46.40999984741211,8.720000267028809,284.8122896969697,68,132,245
46.40999984741211,8.970000267028809,285.6613712121212,32,204,213
46.40999984741211,9.220000267028807,285.55682212121206,32,204,213
46.40999984741211,9.470000267028807,284.8327445454545,68,132,245
46.40999984741211,9.720000267028807,283.74827636363636,68,132,245
46.40999984741211,9.970000267028807,283.7211645454545,68,132,245
46.40999984741211,10.220000267028807,283.50271757575763,68,132,245
46.40999984741211,10.470000267028807,282.7158396969697,58,49,126
46.40999984741211,10.720000267028807,284.3020118181818,68,132,245
46.40999984741211,10.970000267028807,286.925043030303,32,204,213
46.40999984741211,11.220000267028807,290.60884545454553,177,247,58
46.40999984741211,11.470000267028807,288.87639121212123,74,247,130
46.40999984741211,11.720000267028807,287.1586621212122,74,247,130
46.40999984741211,11.970000267028807,286.08002060606066,32,204,213
46.65999984741211,0.9700000286102296,292.825756969697,241,197,55
46.65999984741211,1.2200000286102295,292.8084724242424,241,197,55
46.65999984741211,1.4700000286102295,292.7764815151515,241,197,55
46.65999984741211,1.7200000286102295,292.526466060606,241,197,55
46.65999984741211,1.9700000286102293,292.37420484848485,241,197,55
46.65999984741211,2.220000028610229,292.48205969696966,241,197,55
46.65999984741211,2.470000028610229,292.6184533333333,241,197,55
46.65999984741211,2.720000028610229,292.6348069696969,241,197,55
46.65999984741211,2.970000028610228,292.6321042424243,241,197,55
46.65999984741211,3.220000028610228,292.84933969696965,241,197,55
46.65999984741211,3.470000028610228,292.98939030303023,241,197,55
46.65999984741211,3.7200000286102295,293.01494939393945,248,118,29
46.65999984741211,3.9700000286102295,292.76322818181814,241,197,55
46.65999984741211,4.2199997901916495,292.8124036363636,241,197,55
46.65999984741211,4.46999979019165,292.8836206060606,241,197,55
46.65999984741211,4.71999979019165,293.24814060606064,248,118,29
46.65999984741211,4.96999979019165,293.7215839393938,248,118,29
46.65999984741211,5.21999979019165,294.0290672727272,248,118,29
46.65999984741211,5.46999979019165,293.18139545454545,248,118,29
46.65999984741211,5.71999979019165,291.507426969697,241,197,55
46.65999984741211,5.96999979019165,289.8158012121212,177,247,58
46.65999984741211,6.21999979019165,290.2247578787878,177,247,58
46.65999984741211,6.46999979019165,290.4602124242425,177,247,58
46.65999984741211,6.71999979019165,290.9800484848485,177,247,58
46.65999984741211,6.96999979019165,290.08384242424245,177,247,58
46.65999984741211,7.21999979019165,288.63885606060614,74,247,130
46.65999984741211,7.46999979019165,287.4627818181818,74,247,130
46.65999984741211,7.71999979019165,285.68800939393935,32,204,213
46.65999984741211,7.96999979019165,284.0878896969697,68,132,245
46.65999984741211,8.220000267028809,283.15865030303024,68,132,245
46.65999984741211,8.470000267028809,283.0146412121212,68,132,245
46.65999984741211,8.720000267028809,283.23306060606063,68,132,245
46.65999984741211,8.970000267028809,283.8106218181818,68,132,245
46.65999984741211,9.220000267028807,284.07902121212123,68,132,245
46.65999984741211,9.470000267028807,283.89740757575765,68,132,245
46.65999984741211,9.720000267028807,282.93319,58,49,126
46.65999984741211,9.970000267028807,282.2653024242425,58,49,126
46.65999984741211,10.220000267028807,282.228133030303,58,49,126
46.65999984741211,10.470000267028807,281.91677242424237,58,49,126
46.65999984741211,10.720000267028807,282.26011272727266,58,49,126
46.65999984741211,10.970000267028807,284.06660757575764,68,132,245
46.65999984741211,11.220000267028807,287.1326730303031,74,247,130
46.65999984741211,11.470000267028807,287.92123333333325,74,247,130
46.65999984741211,11.720000267028807,286.74521151515154,32,204,213
46.65999984741211,11.970000267028807,285.6307606060606,32,204,213
46.90999984741211,0.9700000286102296,292.7254969696969,241,197,55
46.90999984741211,1.2200000286102295,292.737363030303,241,197,55
46.90999984741211,1.4700000286102295,292.7896081818181,241,197,55
46.90999984741211,1.7200000286102295,292.81375606060595,241,197,55
46.90999984741211,1.9700000286102293,292.714489090909,241,197,55
46.90999984741211,2.220000028610229,292.7614096969696,241,197,55
46.90999984741211,2.470000028610229,292.76936242424244,241,197,55
46.90999984741211,2.720000028610229,292.6606230303031,241,197,55
46.90999984741211,2.970000028610228,292.69563636363637,241,197,55
46.90999984741211,3.220000028610228,292.76442727272735,241,197,55
46.90999984741211,3.470000028610228,292.6899518181818,241,197,55
46.90999984741211,3.7200000286102295,292.45720272727266,241,197,55
46.90999984741211,3.9700000286102295,291.92653242424234,241,197,55
46.90999984741211,4.2199997901916495,292.11954060606064,241,197,55
46.90999984741211,4.46999979019165,292.3477115151516,241,197,55
46.90999984741211,4.71999979019165,292.79892363636367,241,197,55
46.90999984741211,4.96999979019165,293.2625887878788,248,118,29
46.90999984741211,5.21999979019165,293.53142969696967,248,118,29
46.90999984741211,5.46999979019165,293.3858772727272,248,118,29
46.90999984741211,5.71999979019165,292.65223848484845,241,197,55
46.90999984741211,5.96999979019165,291.0197848484849,241,197,55
46.90999984741211,6.21999979019165,290.3204718181818,177,247,58
46.90999984741211,6.46999979019165,289.9179945454547,177,247,58
46.90999984741211,6.71999979019165,290.1634160606061,177,247,58
46.90999984741211,6.96999979019165,290.18706060606064,177,247,58
46.90999984741211,7.21999979019165,290.57204030303035,177,247,58
46.90999984741211,7.46999979019165,290.2825469696969,177,247,58
46.90999984741211,7.71999979019165,289.1533057575758,177,247,58
46.90999984741211,7.96999979019165,288.0883369696969,74,247,130
46.90999984741211,8.220000267028809,287.63517060606057,74,247,130
46.90999984741211,8.470000267028809,287.0050512121212,74,247,130
46.90999984741211,8.720000267028809,285.53677878787875,32,204,213
46.90999984741211,8.970000267028809,285.31648272727267,32,204,213
46.90999984741211,9.220000267028807,285.3855939393938,32,204,213
46.90999984741211,9.470000267028807,285.58898242424243,32,204,213
46.90999984741211,9.720000267028807,284.7698790909091,68,132,245
46.90999984741211,9.970000267028807,283.39900121212133,68,132,245
46.90999984741211,10.220000267028807,282.82387000000006,58,49,126
46.90999984741211,10.470000267028807,282.33257030303037,58,49,126
46.90999984741211,10.720000267028807,281.79756545454563,58,49,126
46.90999984741211,10.970000267028807,282.7312063636363,58,49,126
46.90999984741211,11.220000267028807,283.41735212121205,68,132,245
46.90999984741211,11.470000267028807,284.75950939393937,68,132,245
46.90999984741211,11.720000267028807,284.8985854545455,68,132,245
46.90999984741211,11.970000267028807,284.38737363636363,68,132,245
47.15999984741211,0.9700000286102296,292.62242454545463,241,197,55
47.15999984741211,1.2200000286102295,292.64423242424243,241,197,55
47.15999984741211,1.4700000286102295,292.7798290909092,241,197,55
47.15999984741211,1.7200000286102295,292.8627648484848,241,197,55
47.15999984741211,1.9700000286102293,292.8047218181818,241,197,55
47.15999984741211,2.220000028610229,292.6580830303031,241,197,55
47.15999984741211,2.470000028610229,292.54416060606064,241,197,55
47.15999984741211,2.720000028610229,292.41870666666665,241,197,55
47.15999984741211,2.970000028610228,292.4192048484848,241,197,55
47.15999984741211,3.220000028610228,292.45209,241,197,55
47.15999984741211,3.470000028610228,292.3243357575757,241,197,55
47.15999984741211,3.7200000286102295,292.05742272727275,241,197,55
47.15999984741211,3.9700000286102295,291.4474621212122,241,197,55
47.15999984741211,4.2199997901916495,291.6048912121212,241,197,55
47.15999984741211,4.46999979019165,291.7260018181819,241,197,55
47.15999984741211,4.71999979019165,292.0872972727273,241,197,55
47.15999984741211,4.96999979019165,292.56912575757576,241,197,55
47.15999984741211,5.21999979019165,293.0480251515152,248,118,29
47.15999984741211,5.46999979019165,293.39024696969693,248,118,29
47.15999984741211,5.71999979019165,292.95385606060614,241,197,55
47.15999984741211,5.96999979019165,292.39664969696963,241,197,55
47.15999984741211,6.21999979019165,291.5796427272727,241,197,55
47.15999984741211,6.46999979019165,290.6579990909092,177,247,58
47.15999984741211,6.71999979019165,290.23883787878793,177,247,58
47.15999984741211,6.96999979019165,289.99750030303034,177,247,58
47.15999984741211,7.21999979019165,290.67836545454537,177,247,58
47.15999984741211,7.46999979019165,290.9377263636364,177,247,58
47.15999984741211,7.71999979019165,290.6379612121212,177,247,58
47.15999984741211,7.96999979019165,290.44856969696974,177,247,58
47.15999984741211,8.220000267028809,290.4358266666666,177,247,58
47.15999984741211,8.470000267028809,290.3916318181818,177,247,58
47.15999984741211,8.720000267028809,288.842916969697,74,247,130
47.15999984741211,8.970000267028809,287.990916060606,74,247,130
47.15999984741211,9.220000267028807,287.67465181818176,74,247,130
47.15999984741211,9.470000267028807,287.86622787878787,74,247,130
47.15999984741211,9.720000267028807,287.03443272727264,74,247,130
47.15999984741211,9.970000267028807,285.18510909090907,32,204,213
47.15999984741211,10.220000267028807,284.2943151515152,68,132,245
47.15999984741211,10.470000267028807,283.5651448484848,68,132,245
47.15999984741211,10.720000267028807,283.5077303030303,68,132,245
47.15999984741211,10.970000267028807,283.90120151515146,68,132,245
47.15999984741211,11.220000267028807,284.0813563636363,68,132,245
47.15999984741211,11.470000267028807,284.54936000000004,68,132,245
47.15999984741211,11.720000267028807,284.7509045454545,68,132,245
47.15999984741211,11.970000267028807,284.65693484848487,68,132,245
47.40999984741211,0.9700000286102296,292.4930948484848,241,197,55
47.40999984741211,1.2200000286102295,292.54218909090906,241,197,55
47.40999984741211,1.4700000286102295,292.7203769696971,241,197,55
47.40999984741211,1.7200000286102295,292.82257030303026,241,197,55
47.40999984741211,1.9700000286102293,292.7606015151515,241,197,55
47.40999984741211,2.220000028610229,292.51110121212133,241,197,55
47.40999984741211,2.470000028610229,292.35667545454544,241,197,55
47.40999984741211,2.720000028610229,292.21603636363636,241,197,55
47.40999984741211,2.970000028610228,292.199783939394,241,197,55
47.40999984741211,3.220000028610228,292.16076272727275,241,197,55
47.40999984741211,3.470000028610228,292.18149757575753,241,197,55
47.40999984741211,3.7200000286102295,291.9548778787878,241,197,55
47.40999984741211,3.9700000286102295,291.6152560606061,241,197,55
47.40999984741211,4.2199997901916495,291.528403939394,241,197,55
47.40999984741211,4.46999979019165,291.590486969697,241,197,55
47.40999984741211,4.71999979019165,291.5503066666668,241,197,55
47.40999984741211,4.96999979019165,291.91006303030287,241,197,55
47.40999984741211,5.21999979019165,292.5038475757575,241,197,55
47.40999984741211,5.46999979019165,292.9204536363637,241,197,55
47.40999984741211,5.71999979019165,292.9848327272727,241,197,55
47.40999984741211,5.96999979019165,292.76302787878785,241,197,55
47.40999984741211,6.21999979019165,292.3175578787878,241,197,55
47.40999984741211,6.46999979019165,291.7889512121212,241,197,55
47.40999984741211,6.71999979019165,291.10407818181824,241,197,55
47.40999984741211,6.96999979019165,290.7071851515152,177,247,58
47.40999984741211,7.21999979019165,290.96941424242414,177,247,58
47.40999984741211,7.46999979019165,291.1381993939394,241,197,55
47.40999984741211,7.71999979019165,291.32332,241,197,55
47.40999984741211,7.96999979019165,290.82987454545446,177,247,58
47.40999984741211,8.220000267028809,291.1044478787878,241,197,55
47.40999984741211,8.470000267028809,291.2580242424242,241,197,55
47.40999984741211,8.720000267028809,290.82585575757577,177,247,58
47.40999984741211,8.970000267028809,290.5558824242425,177,247,58
47.40999984741211,9.220000267028807,290.17523757575765,177,247,58
47.40999984741211,9.470000267028807,290.2920624242425,177,247,58
47.40999984741211,9.720000267028807,289.43155545454545,177,247,58
47.40999984741211,9.970000267028807,287.5389006060606,74,247,130
47.40999984741211,10.220000267028807,286.46103848484853,32,204,213
47.40999984741211,10.470000267028807,285.8250433333333,32,204,213
47.40999984741211,10.720000267028807,286.14389666666665,32,204,213
47.40999984741211,10.970000267028807,286.45580787878777,32,204,213
47.40999984741211,11.220000267028807,286.6414536363636,32,204,213
47.40999984741211,11.470000267028807,286.6300181818182,32,204,213
47.40999984741211,11.720000267028807,286.58215424242434,32,204,213
47.40999984741211,11.970000267028807,286.60850939393936,32,204,213
47.65999984741211,0.9700000286102296,292.13350030303025,241,197,55
47.65999984741211,1.2200000286102295,292.2553987878789,241,197,55
47.65999984741211,1.4700000286102295,292.4918318181818,241,197,55
47.65999984741211,1.7200000286102295,292.5953987878788,241,197,55
47.65999984741211,1.9700000286102293,292.58680787878785,241,197,55
47.65999984741211,2.220000028610229,292.4966518181818,241,197,55
47.65999984741211,2.470000028610229,292.3529109090909,241,197,55
47.65999984741211,2.720000028610229,292.24205000000006,241,197,55
47.65999984741211,2.970000028610228,292.1302363636363,241,197,55
47.65999984741211,3.220000028610228,292.06917818181813,241,197,55
47.65999984741211,3.470000028610228,292.20238818181815,241,197,55
47.65999984741211,3.7200000286102295,292.11041242424244,241,197,55
47.65999984741211,3.9700000286102295,292.00284909090914,241,197,55
47.65999984741211,4.2199997901916495,291.80249909090907,241,197,55
47.65999984741211,4.46999979019165,291.70740666666666,241,197,55
47.65999984741211,4.71999979019165,291.4981793939394,241,197,55
47.65999984741211,4.96999979019165,291.69757484848486,241,197,55
47.65999984741211,5.21999979019165,291.9446245454545,241,197,55
47.65999984741211,5.46999979019165,292.3004951515152,241,197,55
47.65999984741211,5.71999979019165,292.53849,241,197,55
47.65999984741211,5.96999979019165,292.6057936363636,241,197,55
47.65999984741211,6.21999979019165,292.26700151515166,241,197,55
47.65999984741211,6.46999979019165,292.0424590909091,241,197,55
47.65999984741211,6.71999979019165,291.3297218181818,241,197,55
47.65999984741211,6.96999979019165,291.4462981818182,241,197,55
47.65999984741211,7.21999979019165,291.6158906060605,241,197,55
47.65999984741211,7.46999979019165,291.84540030303026,241,197,55
47.65999984741211,7.71999979019165,291.5203581818181,241,197,55
47.65999984741211,7.96999979019165,290.46660636363634,177,247,58
47.65999984741211,8.220000267028809,290.7274615151515,177,247,58
47.65999984741211,8.470000267028809,290.8808036363637,177,247,58
47.65999984741211,8.720000267028809,291.1037578787878,241,197,55
47.65999984741211,8.970000267028809,291.4802312121212,241,197,55
47.65999984741211,9.220000267028807,291.41436121212126,241,197,55
47.65999984741211,9.470000267028807,291.5917412121211,241,197,55
47.65999984741211,9.720000267028807,290.7326757575758,177,247,58
47.65999984741211,9.970000267028807,289.6240121212121,177,247,58
47.65999984741211,10.220000267028807,288.78655545454546,74,247,130
47.65999984741211,10.470000267028807,288.2697118181818,74,247,130
47.65999984741211,10.720000267028807,288.45204606060605,74,247,130
47.65999984741211,10.970000267028807,288.73914545454545,74,247,130
47.65999984741211,11.220000267028807,288.9307548484848,74,247,130
47.65999984741211,11.470000267028807,288.65808939393935,74,247,130
47.65999984741211,11.720000267028807,288.65755787878794,74,247,130
47.65999984741211,11.970000267028807,288.7786375757576,74,247,130
47.90999984741211,0.9700000286102296,291.6927278787879,241,197,55
47.90999984741211,1.2200000286102295,291.85725303030307,241,197,55
47.90999984741211,1.4700000286102295,292.10701969696976,241,197,55
47.90999984741211,1.7200000286102295,292.2659566666667,241,197,55
47.90999984741211,1.9700000286102293,292.27953666666656,241,197,55
47.90999984741211,2.220000028610229,292.37616121212125,241,197,55
47.90999984741211,2.470000028610229,292.3659478787879,241,197,55
47.90999984741211,2.720000028610229,292.3597930303029,241,197,55
47.90999984741211,2.970000028610228,292.2051257575758,241,197,55
47.90999984741211,3.220000028610228,292.0935918181818,241,197,55
47.90999984741211,3.470000028610228,292.18873909090905,241,197,55
47.90999984741211,3.7200000286102295,292.1856442424242,241,197,55
47.90999984741211,3.9700000286102295,292.1122548484849,241,197,55
47.90999984741211,4.2199997901916495,292.02750939393934,241,197,55
47.90999984741211,4.46999979019165,291.8935003030303,241,197,55
47.90999984741211,4.71999979019165,291.6875603030303,241,197,55
47.90999984741211,4.96999979019165,291.62267121212125,241,197,55
47.90999984741211,5.21999979019165,291.50828333333334,241,197,55
47.90999984741211,5.46999979019165,291.84578909090914,241,197,55
47.90999984741211,5.71999979019165,291.9695660606061,241,197,55
47.90999984741211,5.96999979019165,292.11337424242424,241,197,55
47.90999984741211,6.21999979019165,291.7402318181818,241,197,55
47.90999984741211,6.46999979019165,291.4352566666667,241,197,55
47.90999984741211,6.71999979019165,290.5542251515152,177,247,58
47.90999984741211,6.96999979019165,290.91487121212134,177,247,58
47.90999984741211,7.21999979019165,291.505496060606,241,197,55
47.90999984741211,7.46999979019165,292.22441969696973,241,197,55
47.90999984741211,7.71999979019165,291.6758981818181,241,197,55
47.90999984741211,7.96999979019165,290.30901757575765,177,247,58
47.90999984741211,8.220000267028809,289.7533081818182,177,247,58
47.90999984741211,8.470000267028809,289.9014072727272,177,247,58
47.90999984741211,8.720000267028809,290.43657030303024,177,247,58
47.90999984741211,8.970000267028809,290.62582242424236,177,247,58
47.90999984741211,9.220000267028807,290.6998221212121,177,247,58
47.90999984741211,9.470000267028807,290.92263727272734,177,247,58
47.90999984741211,9.720000267028807,290.9062909090909,177,247,58
47.90999984741211,9.970000267028807,290.3447945454545,177,247,58
47.90999984741211,10.220000267028807,290.0375836363637,177,247,58
47.90999984741211,10.470000267028807,289.7844366666667,177,247,58
47.90999984741211,10.720000267028807,289.9261148484849,177,247,58
47.90999984741211,10.970000267028807,290.21583151515136,177,247,58
47.90999984741211,11.220000267028807,290.4874312121212,177,247,58
47.90999984741211,11.470000267028807,290.295823030303,177,247,58
47.90999984741211,11.720000267028807,290.34192454545456,177,247,58
47.90999984741211,11.970000267028807,290.54093060606056,177,247,58
48.15999984741211,0.9700000286102296,291.3076769696969,241,197,55
48.15999984741211,1.2200000286102295,291.46436000000006,241,197,55
48.15999984741211,1.4700000286102295,291.7353300000001,241,197,55
48.15999984741211,1.7200000286102295,291.91780272727266,241,197,55
48.15999984741211,1.9700000286102293,292.02198727272724,241,197,55
48.15999984741211,2.220000028610229,292.1420912121212,241,197,55
48.15999984741211,2.470000028610229,292.23246818181826,241,197,55
48.15999984741211,2.720000028610229,292.287623939394,241,197,55
48.15999984741211,2.970000028610228,292.2394912121212,241,197,55
48.15999984741211,3.220000028610228,292.13821151515145,241,197,55
48.15999984741211,3.470000028610228,292.11892848484854,241,197,55
48.15999984741211,3.7200000286102295,292.11307575757576,241,197,55
48.15999984741211,3.9700000286102295,292.08133727272724,241,197,55
48.15999984741211,4.2199997901916495,292.0461551515151,241,197,55
48.15999984741211,4.46999979019165,291.98111939393937,241,197,55
48.15999984741211,4.71999979019165,291.8602354545455,241,197,55
48.15999984741211,4.96999979019165,291.63002363636366,241,197,55
48.15999984741211,5.21999979019165,291.3924100000001,241,197,55
48.15999984741211,5.46999979019165,291.37159727272723,241,197,55
48.15999984741211,5.71999979019165,291.452533939394,241,197,55
48.15999984741211,5.96999979019165,291.55421969696965,241,197,55
48.15999984741211,6.21999979019165,291.4761257575758,241,197,55
48.15999984741211,6.46999979019165,291.21083666666664,241,197,55
48.15999984741211,6.71999979019165,290.43046242424236,177,247,58
48.15999984741211,6.96999979019165,290.37789484848486,177,247,58
48.15999984741211,7.21999979019165,290.9544678787878,177,247,58
48.15999984741211,7.46999979019165,292.3510551515152,241,197,55
48.15999984741211,7.71999979019165,292.2610739393939,241,197,55
48.15999984741211,7.96999979019165,291.01563878787874,241,197,55
48.15999984741211,8.220000267028809,289.98076666666657,177,247,58
48.15999984741211,8.470000267028809,289.45461666666665,177,247,58
48.15999984741211,8.720000267028809,289.86956363636364,177,247,58
48.15999984741211,8.970000267028809,289.8729572727272,177,247,58
48.15999984741211,9.220000267028807,289.83002636363653,177,247,58
48.15999984741211,9.470000267028807,290.0052133333333,177,247,58
48.15999984741211,9.720000267028807,290.3484772727272,177,247,58
48.15999984741211,9.970000267028807,290.6100409090909,177,247,58
48.15999984741211,10.220000267028807,290.55505757575764,177,247,58
48.15999984741211,10.470000267028807,290.5780848484848,177,247,58
48.15999984741211,10.720000267028807,290.654030909091,177,247,58
48.15999984741211,10.970000267028807,290.9006481818182,177,247,58
48.15999984741211,11.220000267028807,291.21197636363644,241,197,55
48.15999984741211,11.470000267028807,291.1953866666668,241,197,55
48.15999984741211,11.720000267028807,291.24767727272723,241,197,55
48.15999984741211,11.970000267028807,291.4978784848485,241,197,55
48.40999984741211,0.9700000286102296,290.9365051515151,177,247,58
48.40999984741211,1.2200000286102295,291.1381812121212,241,197,55
48.40999984741211,1.4700000286102295,291.39245454545465,241,197,55
48.40999984741211,1.7200000286102295,291.5994327272728,241,197,55
48.40999984741211,1.9700000286102293,291.7716539393939,241,197,55
48.40999984741211,2.220000028610229,291.98365666666666,241,197,55
48.40999984741211,2.470000028610229,292.12317666666667,241,197,55
48.40999984741211,2.720000028610229,292.2424451515152,241,197,55
48.40999984741211,2.970000028610228,292.2412527272727,241,197,55
48.40999984741211,3.220000028610228,292.1981293939393,241,197,55
48.40999984741211,3.470000028610228,292.13927575757566,241,197,55
48.40999984741211,3.7200000286102295,292.1254063636364,241,197,55
48.40999984741211,3.9700000286102295,292.13430939393953,241,197,55
48.40999984741211,4.2199997901916495,292.1314693939393,241,197,55
48.40999984741211,4.46999979019165,292.08359030303035,241,197,55
48.40999984741211,4.71999979019165,291.99648757575767,241,197,55
48.40999984741211,4.96999979019165,291.740019090909,241,197,55
48.40999984741211,5.21999979019165,291.4067166666667,241,197,55
48.40999984741211,5.46999979019165,291.1801748484848,241,197,55
48.40999984741211,5.71999979019165,291.11663151515137,241,197,55
48.40999984741211,5.96999979019165,291.16955242424245,241,197,55
48.40999984741211,6.21999979019165,291.5406787878788,241,197,55
48.40999984741211,6.46999979019165,291.55712393939393,241,197,55
48.40999984741211,6.71999979019165,291.24790303030295,241,197,55
48.40999984741211,6.96999979019165,290.8124987878788,177,247,58
48.40999984741211,7.21999979019165,290.67366363636364,177,247,58
48.40999984741211,7.46999979019165,292.04289696969687,241,197,55
48.40999984741211,7.71999979019165,292.4934718181818,241,197,55
48.40999984741211,7.96999979019165,291.9284493939394,241,197,55
48.40999984741211,8.220000267028809,290.6766557575758,177,247,58
48.40999984741211,8.470000267028809,289.90803363636365,177,247,58
48.40999984741211,8.720000267028809,290.12473121212133,177,247,58
48.40999984741211,8.970000267028809,290.2312772727273,177,247,58
48.40999984741211,9.220000267028807,290.2157975757576,177,247,58
48.40999984741211,9.470000267028807,290.0558430303031,177,247,58
48.40999984741211,9.720000267028807,290.08422606060606,177,247,58
48.40999984741211,9.970000267028807,290.48971575757577,177,247,58
48.40999984741211,10.220000267028807,290.8171990909091,177,247,58
48.40999984741211,10.470000267028807,290.9981781818182,177,247,58
48.40999984741211,10.720000267028807,291.15695636363637,241,197,55
48.40999984741211,10.970000267028807,291.30851,241,197,55
48.40999984741211,11.220000267028807,291.46867454545463,241,197,55
48.40999984741211,11.470000267028807,291.52960545454545,241,197,55
48.40999984741211,11.720000267028807,291.5601618181818,241,197,55
48.40999984741211,11.970000267028807,291.6588012121212,241,197,55
48.65999984741211,0.9700000286102296,290.67327666666665,177,247,58
48.65999984741211,1.2200000286102295,290.954116060606,177,247,58
48.65999984741211,1.4700000286102295,291.17432333333335,241,197,55
48.65999984741211,1.7200000286102295,291.3757487878788,241,197,55
48.65999984741211,1.9700000286102293,291.56422909090907,241,197,55
48.65999984741211,2.220000028610229,291.8344678787878,241,197,55
48.65999984741211,2.470000028610229,292.01875060606056,241,197,55
48.65999984741211,2.720000028610229,292.05552757575754,241,197,55
48.65999984741211,2.970000028610228,291.99530787878786,241,197,55
48.65999984741211,3.220000028610228,291.9391481818181,241,197,55
48.65999984741211,3.470000028610228,291.9266218181818,241,197,55
48.65999984741211,3.7200000286102295,291.9261748484849,241,197,55
48.65999984741211,3.9700000286102295,291.9486527272727,241,197,55
48.65999984741211,4.2199997901916495,292.01620999999994,241,197,55
48.65999984741211,4.46999979019165,292.0611815151515,241,197,55
48.65999984741211,4.71999979019165,292.0279651515151,241,197,55
48.65999984741211,4.96999979019165,291.75004121212123,241,197,55
48.65999984741211,5.21999979019165,291.4029175757576,241,197,55
48.65999984741211,5.46999979019165,291.2065566666667,241,197,55
48.65999984741211,5.71999979019165,291.17816909090914,241,197,55
48.65999984741211,5.96999979019165,291.29878060606063,241,197,55
48.65999984741211,6.21999979019165,291.61038212121207,241,197,55
48.65999984741211,6.46999979019165,291.780323030303,241,197,55
48.65999984741211,6.71999979019165,291.7277587878788,241,197,55
48.65999984741211,6.96999979019165,291.405995151515,241,197,55
48.65999984741211,7.21999979019165,291.16172666666665,241,197,55
48.65999984741211,7.46999979019165,291.8964842424243,241,197,55
48.65999984741211,7.71999979019165,292.4190030303031,241,197,55
48.65999984741211,7.96999979019165,292.5658651515152,241,197,55
48.65999984741211,8.220000267028809,291.2843384848484,241,197,55
48.65999984741211,8.470000267028809,290.4180757575757,177,247,58
48.65999984741211,8.720000267028809,290.4758587878788,177,247,58
48.65999984741211,8.970000267028809,290.8162348484848,177,247,58
48.65999984741211,9.220000267028807,291.00559333333337,241,197,55
48.65999984741211,9.470000267028807,290.61183848484853,177,247,58
48.65999984741211,9.720000267028807,290.37941545454544,177,247,58
48.65999984741211,9.970000267028807,290.31584393939386,177,247,58
48.65999984741211,10.220000267028807,290.6834781818182,177,247,58
48.65999984741211,10.470000267028807,290.9902281818182,177,247,58
48.65999984741211,10.720000267028807,291.208940909091,241,197,55
48.65999984741211,10.970000267028807,291.4115584848486,241,197,55
48.65999984741211,11.220000267028807,291.58477787878786,241,197,55
48.65999984741211,11.470000267028807,291.72874999999993,241,197,55
48.65999984741211,11.720000267028807,291.791436969697,241,197,55
48.65999984741211,11.970000267028807,291.85526757575747,241,197,55
48.90999984741211,0.9700000286102296,290.59149515151523,177,247,58
48.90999984741211,1.2200000286102295,290.91248787878783,177,247,58
48.90999984741211,1.4700000286102295,291.0826754545455,241,197,55
48.90999984741211,1.7200000286102295,291.2257918181818,241,197,55
48.90999984741211,1.9700000286102293,291.408546969697,241,197,55
48.90999984741211,2.220000028610229,291.6385857575757,241,197,55
48.90999984741211,2.470000028610229,291.8211842424242,241,197,55
48.90999984741211,2.720000028610229,291.76945939393937,241,197,55
48.90999984741211,2.970000028610228,291.67764696969687,241,197,55
48.90999984741211,3.220000028610228,291.5614248484849,241,197,55
48.90999984741211,3.470000028610228,291.5613400000001,241,197,55
48.90999984741211,3.7200000286102295,291.60507030303035,241,197,55
48.90999984741211,3.9700000286102295,291.67912333333334,241,197,55
48.90999984741211,4.2199997901916495,291.7941318181818,241,197,55
48.90999984741211,4.46999979019165,291.83279242424237,241,197,55
48.90999984741211,4.71999979019165,291.7676042424242,241,197,55
48.90999984741211,4.96999979019165,291.533593939394,241,197,55
48.90999984741211,5.21999979019165,291.2641887878788,241,197,55
48.90999984741211,5.46999979019165,291.11774969696967,241,197,55
48.90999984741211,5.71999979019165,291.23902121212126,241,197,55
48.90999984741211,5.96999979019165,291.41809030303034,241,197,55
48.90999984741211,6.21999979019165,291.65230424242424,241,197,55
48.90999984741211,6.46999979019165,291.7063881818182,241,197,55
48.90999984741211,6.71999979019165,291.70050060606064,241,197,55
48.90999984741211,6.96999979019165,291.64363303030314,241,197,55
48.90999984741211,7.21999979019165,291.5289012121212,241,197,55
48.90999984741211,7.46999979019165,291.7495648484848,241,197,55
48.90999984741211,7.71999979019165,292.1877836363637,241,197,55
48.90999984741211,7.96999979019165,292.52914121212126,241,197,55
48.90999984741211,8.220000267028809,292.4848978787878,241,197,55
48.90999984741211,8.470000267028809,291.75232696969687,241,197,55
48.90999984741211,8.720000267028809,291.4838403030303,241,197,55
48.90999984741211,8.970000267028809,291.5777563636365,241,197,55
48.90999984741211,9.220000267028807,291.6127636363637,241,197,55
48.90999984741211,9.470000267028807,291.2985836363636,241,197,55
48.90999984741211,9.720000267028807,290.9002584848485,177,247,58
48.90999984741211,9.970000267028807,290.5991993939395,177,247,58
48.90999984741211,10.220000267028807,290.7044921212122,177,247,58
48.90999984741211,10.470000267028807,290.89998151515147,177,247,58
48.90999984741211,10.720000267028807,291.0480290909091,241,197,55
48.90999984741211,10.970000267028807,291.2177551515151,241,197,55
48.90999984741211,11.220000267028807,291.3071575757576,241,197,55
48.90999984741211,11.470000267028807,291.3924442424241,241,197,55
48.90999984741211,11.720000267028807,291.4298,241,197,55
48.90999984741211,11.970000267028807,291.56179272727275,241,197,55
49.15999984741211,0.9700000286102296,290.50587333333334,177,247,58
49.15999984741211,1.2200000286102295,290.778236969697,177,247,58
49.15999984741211,1.4700000286102295,290.8757442424242,177,247,58
49.15999984741211,1.7200000286102295,290.97442696969694,177,247,58
49.15999984741211,1.9700000286102293,291.1228815151515,241,197,55
49.15999984741211,2.220000028610229,291.3114681818182,241,197,55
49.15999984741211,2.470000028610229,291.4718118181818,241,197,55
49.15999984741211,2.720000028610229,291.5391412121213,241,197,55
49.15999984741211,2.970000028610228,291.5014378787879,241,197,55
49.15999984741211,3.220000028610228,291.41871242424236,241,197,55
49.15999984741211,3.470000028610228,291.4422081818182,241,197,55
49.15999984741211,3.7200000286102295,291.50404424242424,241,197,55
49.15999984741211,3.9700000286102295,291.6262378787878,241,197,55
49.15999984741211,4.2199997901916495,291.691966969697,241,197,55
49.15999984741211,4.46999979019165,291.59229333333326,241,197,55
49.15999984741211,4.71999979019165,291.4851281818182,241,197,55
49.15999984741211,4.96999979019165,291.29525666666666,241,197,55
49.15999984741211,5.21999979019165,291.0944439393939,241,197,55
49.15999984741211,5.46999979019165,291.00324727272726,241,197,55
49.15999984741211,5.71999979019165,291.07029393939393,241,197,55
49.15999984741211,5.96999979019165,291.2568857575758,241,197,55
49.15999984741211,6.21999979019165,291.5123466666667,241,197,55
49.15999984741211,6.46999979019165,291.47073787878793,241,197,55
49.15999984741211,6.71999979019165,291.4417518181819,241,197,55
49.15999984741211,6.96999979019165,291.5350330303031,241,197,55
49.15999984741211,7.21999979019165,291.44227333333333,241,197,55
49.15999984741211,7.46999979019165,291.2419700000001,241,197,55
49.15999984741211,7.71999979019165,291.47665939393937,241,197,55
49.15999984741211,7.96999979019165,291.8191451515152,241,197,55
49.15999984741211,8.220000267028809,292.5286542424243,241,197,55
49.15999984741211,8.470000267028809,292.64321363636355,241,197,55
49.15999984741211,8.720000267028809,292.2889333333333,241,197,55
49.15999984741211,8.970000267028809,291.97403242424235,241,197,55
49.15999984741211,9.220000267028807,291.7261160606061,241,197,55
49.15999984741211,9.470000267028807,291.48452818181823,241,197,55
49.15999984741211,9.720000267028807,291.1205690909092,241,197,55
49.15999984741211,9.970000267028807,290.891216060606,177,247,58
49.15999984741211,10.220000267028807,290.9016748484849,177,247,58
49.15999984741211,10.470000267028807,290.9693900000001,177,247,58
49.15999984741211,10.720000267028807,291.1498254545455,241,197,55
49.15999984741211,10.970000267028807,291.19209333333333,241,197,55
49.15999984741211,11.220000267028807,291.1765090909092,241,197,55
49.15999984741211,11.470000267028807,291.08687242424253,241,197,55
49.15999984741211,11.720000267028807,291.0861272727273,241,197,55
49.15999984741211,11.970000267028807,291.3301309090908,241,197,55
49.40999984741211,0.9700000286102296,290.3307154545455,177,247,58
49.40999984741211,1.2200000286102295,290.38280454545463,177,247,58
49.40999984741211,1.4700000286102295,290.3988051515152,177,247,58
49.40999984741211,1.7200000286102295,290.44923272727266,177,247,58
49.40999984741211,1.9700000286102293,290.64088090909087,177,247,58
49.40999984741211,2.220000028610229,290.9012572727273,177,247,58
49.40999984741211,2.470000028610229,291.08711424242426,241,197,55
49.40999984741211,2.720000028610229,291.2532915151515,241,197,55
49.40999984741211,2.970000028610228,291.332103939394,241,197,55
49.40999984741211,3.220000028610228,291.37841848484845,241,197,55
49.40999984741211,3.470000028610228,291.41029818181823,241,197,55
49.40999984741211,3.7200000286102295,291.46467121212123,241,197,55
49.40999984741211,3.9700000286102295,291.48432272727274,241,197,55
49.40999984741211,4.2199997901916495,291.48753696969686,241,197,55
49.40999984741211,4.46999979019165,291.3307812121212,241,197,55
49.40999984741211,4.71999979019165,291.1588857575758,241,197,55
49.40999984741211,4.96999979019165,290.98274151515136,177,247,58
49.40999984741211,5.21999979019165,290.80907151515146,177,247,58
49.40999984741211,5.46999979019165,290.68211333333335,177,247,58
49.40999984741211,5.71999979019165,290.62971393939387,177,247,58
49.40999984741211,5.96999979019165,290.8130421212121,177,247,58
49.40999984741211,6.21999979019165,291.08206030303035,241,197,55
49.40999984741211,6.46999979019165,290.9528036363637,177,247,58
49.40999984741211,6.71999979019165,290.88562151515146,177,247,58
49.40999984741211,6.96999979019165,290.9007590909091,177,247,58
49.40999984741211,7.21999979019165,291.00438636363634,241,197,55
49.40999984741211,7.46999979019165,290.8686681818181,177,247,58
49.40999984741211,7.71999979019165,291.04857212121215,241,197,55
49.40999984741211,7.96999979019165,291.46763151515154,241,197,55
49.40999984741211,8.220000267028809,292.2204851515152,241,197,55
49.40999984741211,8.470000267028809,292.49624363636366,241,197,55
49.40999984741211,8.720000267028809,292.04537393939387,241,197,55
49.40999984741211,8.970000267028809,291.67920272727275,241,197,55
49.40999984741211,9.220000267028807,291.277716969697,241,197,55
49.40999984741211,9.470000267028807,291.26114303030306,241,197,55
49.40999984741211,9.720000267028807,291.27629666666667,241,197,55
49.40999984741211,9.970000267028807,291.13363060606065,241,197,55
49.40999984741211,10.220000267028807,291.13278727272734,241,197,55
49.40999984741211,10.470000267028807,291.1521987878788,241,197,55
49.40999984741211,10.720000267028807,291.2699333333333,241,197,55
49.40999984741211,10.970000267028807,291.28197393939394,241,197,55
49.40999984741211,11.220000267028807,291.18978939393946,241,197,55
49.40999984741211,11.470000267028807,290.9885196969698,177,247,58
49.40999984741211,11.720000267028807,290.93811151515143,177,247,58
49.40999984741211,11.970000267028807,291.10186060606065,241,197,55
49.65999984741211,0.9700000286102296,290.15247545454554,177,247,58
49.65999984741211,1.2200000286102295,290.11719181818177,177,247,58
49.65999984741211,1.4700000286102295,290.0497972727273,177,247,58
49.65999984741211,1.7200000286102295,290.08098848484855,177,247,58
49.65999984741211,1.9700000286102293,290.2991987878788,177,247,58
49.65999984741211,2.220000028610229,290.5871603030303,177,247,58
49.65999984741211,2.470000028610229,290.8050460606061,177,247,58
49.65999984741211,2.720000028610229,290.9506,177,247,58
49.65999984741211,2.970000028610228,291.0959090909091,241,197,55
49.65999984741211,3.220000028610228,291.1558806060607,241,197,55
49.65999984741211,3.470000028610228,291.1014854545455,241,197,55
49.65999984741211,3.7200000286102295,291.12676545454536,241,197,55
49.65999984741211,3.9700000286102295,291.04469272727266,241,197,55
49.65999984741211,4.2199997901916495,290.9324709090909,177,247,58
49.65999984741211,4.46999979019165,290.74982818181815,177,247,58
49.65999984741211,4.71999979019165,290.56645454545446,177,247,58
49.65999984741211,4.96999979019165,290.3733821212121,177,247,58
49.65999984741211,5.21999979019165,290.15066545454545,177,247,58
49.65999984741211,5.46999979019165,289.9807118181818,177,247,58
49.65999984741211,5.71999979019165,289.9457500000001,177,247,58
49.65999984741211,5.96999979019165,290.2663596969697,177,247,58
49.65999984741211,6.21999979019165,290.56808666666666,177,247,58
49.65999984741211,6.46999979019165,290.43929909090906,177,247,58
49.65999984741211,6.71999979019165,290.3703118181818,177,247,58
49.65999984741211,6.96999979019165,290.21277090909086,177,247,58
49.65999984741211,7.21999979019165,290.38953606060613,177,247,58
49.65999984741211,7.46999979019165,290.6237381818182,177,247,58
49.65999984741211,7.71999979019165,291.0756384848485,241,197,55
49.65999984741211,7.96999979019165,291.628526969697,241,197,55
49.65999984741211,8.220000267028809,292.227656060606,241,197,55
49.65999984741211,8.470000267028809,292.3573421212122,241,197,55
49.65999984741211,8.720000267028809,291.88268999999997,241,197,55
49.65999984741211,8.970000267028809,291.4659484848485,241,197,55
49.65999984741211,9.220000267028807,291.0603027272728,241,197,55
49.65999984741211,9.470000267028807,291.1200112121212,241,197,55
49.65999984741211,9.720000267028807,291.2390518181818,241,197,55
49.65999984741211,9.970000267028807,291.31823212121213,241,197,55
49.65999984741211,10.220000267028807,291.29749484848475,241,197,55
49.65999984741211,10.470000267028807,291.2807669696969,241,197,55
49.65999984741211,10.720000267028807,291.3288642424242,241,197,55
49.65999984741211,10.970000267028807,291.180056060606,241,197,55
49.65999984741211,11.220000267028807,291.05319363636363,241,197,55
49.65999984741211,11.470000267028807,290.7777227272727,177,247,58
49.65999984741211,11.720000267028807,290.5937984848485,177,247,58
49.65999984741211,11.970000267028807,290.538266969697,177,247,58
49.90999984741211,0.9700000286102296,289.954397878788,177,247,58
49.90999984741211,1.2200000286102295,289.96731454545466,177,247,58
49.90999984741211,1.4700000286102295,290.07673242424244,177,247,58
49.90999984741211,1.7200000286102295,290.1363527272727,177,247,58
49.90999984741211,1.9700000286102293,290.2689118181818,177,247,58
49.90999984741211,2.220000028610229,290.2980151515152,177,247,58
49.90999984741211,2.470000028610229,290.5043960606061,177,247,58
49.90999984741211,2.720000028610229,290.62829181818176,177,247,58
49.90999984741211,2.970000028610228,290.79474545454553,177,247,58
49.90999984741211,3.220000028610228,290.84625060606066,177,247,58
49.90999984741211,3.470000028610228,290.7562596969698,177,247,58
49.90999984741211,3.7200000286102295,290.61685363636366,177,247,58
49.90999984741211,3.9700000286102295,290.46787030303034,177,247,58
49.90999984741211,4.2199997901916495,290.2603848484848,177,247,58
49.90999984741211,4.46999979019165,290.1257687878787,177,247,58
49.90999984741211,4.71999979019165,290.0431118181818,177,247,58
49.90999984741211,4.96999979019165,289.8458066666667,177,247,58
49.90999984741211,5.21999979019165,289.58103030303033,177,247,58
49.90999984741211,5.46999979019165,289.32122909090907,177,247,58
49.90999984741211,5.71999979019165,289.24140787878787,177,247,58
49.90999984741211,5.96999979019165,289.6132096969697,177,247,58
49.90999984741211,6.21999979019165,289.88068181818176,177,247,58
49.90999984741211,6.46999979019165,290.0019245454545,177,247,58
49.90999984741211,6.71999979019165,289.9951339393939,177,247,58
49.90999984741211,6.96999979019165,289.85936272727264,177,247,58
49.90999984741211,7.21999979019165,290.1232242424242,177,247,58
49.90999984741211,7.46999979019165,290.4453548484848,177,247,58
49.90999984741211,7.71999979019165,291.10418909090913,241,197,55
49.90999984741211,7.96999979019165,291.4331233333333,241,197,55
49.90999984741211,8.220000267028809,291.88030181818175,241,197,55
49.90999984741211,8.470000267028809,291.9783884848485,241,197,55
49.90999984741211,8.720000267028809,292.0952212121212,241,197,55
49.90999984741211,8.970000267028809,291.6498312121212,241,197,55
49.90999984741211,9.220000267028807,291.23003878787875,241,197,55
49.90999984741211,9.470000267028807,291.10027515151523,241,197,55
49.90999984741211,9.720000267028807,290.99231060606064,177,247,58
49.90999984741211,9.970000267028807,291.1335621212121,241,197,55
49.90999984741211,10.220000267028807,291.1416812121212,241,197,55
49.90999984741211,10.470000267028807,291.2576590909092,241,197,55
49.90999984741211,10.720000267028807,291.30871727272734,241,197,55
49.90999984741211,10.970000267028807,291.1090345454547,241,197,55
49.90999984741211,11.220000267028807,290.77848545454543,177,247,58
49.90999984741211,11.470000267028807,290.420326969697,177,247,58
49.90999984741211,11.720000267028807,290.1252530303031,177,247,58
49.90999984741211,11.970000267028807,290.01074818181826,177,247,58
